<?xml version="1.0" encoding="utf-8"?>
<Windows>
<!-- 完成 -->
  <VerticalLayout >
     <VerticalLayout width="480" height="250" roundcorner="5,5" bkimage="file='form\pic.png'">
	
	</VerticalLayout>
	<VerticalLayout bkcolor="#FFFFFFFF" >
	<!-- <Label padding="30,30,0,0" font="6" width="160" textcolor="#FFc6c6c6" name="uninstalled" text="" />
	<Button name="btnUninstalled" font="6" padding="380,40,0,40" text="" textcolor="#FFFFFFFF" normalimage="file='public/button/btn_yes_normal.png'" pushedimage="file='public/button/btn_yes_press.png'" width="80" height="30"/> -->
	<Label padding="30,30,0,0" name="uninstalled" font="8" width="160" normaltextcolor="#ff666666" text="" />
	<Button name="btnUninstalled" font="6" padding="380,40,0,0" text=""  textcolor="#FFFFFFFF" normalimage="file='public/button/btn_global_green_80x30_normal.png' " hotimage="file='public/button/btn_global_green_80x30_hovered.png'" pushedimage="file='public/button/btn_global_green_80x30_pushed.png'" width="80" height="30"/>
	</VerticalLayout>
 </VerticalLayout>
</Windows>