<?xml version="1.0" encoding="utf-8"?>
<Windows>
   <VerticalLayout >
    <VerticalLayout width="480" height="250" roundcorner="5,5" bkimage="file='form\pic.png'">
	
	</VerticalLayout>
	<VerticalLayout bkcolor="#FFFFFFFF" >
		<VerticalLayout name="shadow" bkimage="form\bk_down.png" visible="false" height="250"></VerticalLayout>
		<Label font="6" width="400" height="25" padding="30,30,0,0" textcolor="#FF333333" name="sure_uninstall" text="" />
		<HorizontalLayout padding="30,30,0,40" height="30" >
			<!-- <CheckBox name="chkbox_userdata" width="130" heigh="20" padding="0,6,0,0" font="7" text="保留我的数据" textcolor="#FF333333" selected="true" valign="center" align="left" textpadding="20,-3,0,0" normalimage="file='public/CheckBox/check_no.png' dest='0,2,16,18'" normalhotimage="file='public/CheckBox/check_no.png' dest='0,2,16,18'" selectedimage="file='public/CheckBox/check_yes.png' dest='0,2,16,18'" selectedhotimage="file='public/CheckBox/check_yes.png' dest='0,2,16,18'"/> -->
			<Control />     
			<Button name="btnUnInstall" font="6" text=""  textcolor="#FF666666" normalimage="file='public/button/btn_global_white_80x30_normal.png' " hotimage="file='public/button/btn_global_white_80x30_hovered.png'" pushedimage="file='public/button/btn_global_white_80x30_pushed.png'" width="80" height="30"/>
			<Control width="10" />
			<Button name="btnCancel" font="6" text=""  textcolor="#FFFFFFFF" normalimage="file='public/button/btn_global_green_80x30_normal.png' " hotimage="file='public/button/btn_global_green_80x30_hovered.png'" pushedimage="file='public/button/btn_global_green_80x30_pushed.png'" width="80" height="30"/>
      <Control width="20" />
		</HorizontalLayout>
		<Control height="40" />
	</VerticalLayout>
 </VerticalLayout>
</Windows>